Loai Phuong Tien,Bien So
Car,Khong nhan dien duoc
Car,Khong nhan dien duoc
Car,Khong nhan dien duoc
Car,Khong nhan dien duoc
Car,Khong nhan dien duoc
Car,Khong nhan dien duoc
Car,Khong nhan dien duoc
Car,Khong nhan dien duoc
Car,Khong nhan dien duoc
Car,Khong nhan dien duoc
Car,Khong nhan dien duoc
Car,Khong nhan dien duoc
Car,Khong nhan dien duoc
Car,Khong nhan dien duoc
Car,Khong nhan dien duoc
Car,Khong nhan dien duoc
Car,Khong nhan dien duoc
Car,Khong nhan dien duoc
Car,Khong nhan dien duoc
Car,Khong nhan dien duoc
Car,Khong nhan dien duoc
Car,Khong nhan dien duoc
Car,Khong nhan dien duoc
Car,Khong nhan dien duoc
Car,Khong nhan dien duoc
Car,Khong nhan dien duoc
Car,Khong nhan dien duoc
Car,Khong nhan dien duoc
Car,Khong nhan dien duoc
Car,Khong nhan dien duoc
Car,Khong nhan dien duoc
Motorcycle,Khong nhan dien duoc
Car,Khong nhan dien duoc
Motorcycle,Khong nhan dien duoc
Car,Khong nhan dien duoc
Car,Khong nhan dien duoc
Motorcycle,Khong nhan dien duoc
Motorcycle,Khong nhan dien duoc
Car,Khong nhan dien duoc
Motorcycle,Khong nhan dien duoc
Motorcycle,Khong nhan dien duoc
Car,Khong nhan dien duoc
Motorcycle,Khong nhan dien duoc
Motorcycle,Khong nhan dien duoc
Car,Khong nhan dien duoc
Motorcycle,Khong nhan dien duoc
Car,Khong nhan dien duoc
Motorcycle,Khong nhan dien duoc
Motorcycle,Khong nhan dien duoc
Motorcycle,Khong nhan dien duoc
Car,Khong nhan dien duoc
Motorcycle,Khong nhan dien duoc
Motorcycle,Khong nhan dien duoc
Motorcycle,Khong nhan dien duoc
Car,Khong nhan dien duoc
Motorcycle,Khong nhan dien duoc
Motorcycle,Khong nhan dien duoc
Car,Khong nhan dien duoc
Motorcycle,Khong nhan dien duoc
Motorcycle,Khong nhan dien duoc
Motorcycle,Khong nhan dien duoc
Car,Khong nhan dien duoc
Motorcycle,Khong nhan dien duoc
Car,Khong nhan dien duoc
Motorcycle,Khong nhan dien duoc
Motorcycle,Khong nhan dien duoc
Car,Khong nhan dien duoc
Motorcycle,Khong nhan dien duoc
Car,Khong nhan dien duoc
Motorcycle,Khong nhan dien duoc
Motorcycle,Khong nhan dien duoc
Motorcycle,Khong nhan dien duoc
Car,Khong nhan dien duoc
Motorcycle,Khong nhan dien duoc
Car,Khong nhan dien duoc
Motorcycle,Khong nhan dien duoc
Motorcycle,Khong nhan dien duoc
Car,Khong nhan dien duoc
Motorcycle,Khong nhan dien duoc
Motorcycle,Khong nhan dien duoc
Car,Khong nhan dien duoc
Motorcycle,Khong nhan dien duoc
Motorcycle,Khong nhan dien duoc
Car,Khong nhan dien duoc
Motorcycle,Khong nhan dien duoc
Motorcycle,Khong nhan dien duoc
Car,Khong nhan dien duoc
Motorcycle,Khong nhan dien duoc
Motorcycle,Khong nhan dien duoc
Car,Khong nhan dien duoc
Motorcycle,Khong nhan dien duoc
Motorcycle,Khong nhan dien duoc
Car,Khong nhan dien duoc
Motorcycle,Khong nhan dien duoc
Motorcycle,Khong nhan dien duoc
Car,Khong nhan dien duoc
Motorcycle,Khong nhan dien duoc
Car,Khong nhan dien duoc
Motorcycle,Khong nhan dien duoc
Car,Khong nhan dien duoc
Motorcycle,Khong nhan dien duoc
Car,Khong nhan dien duoc
Motorcycle,Khong nhan dien duoc
Car,Khong nhan dien duoc
Motorcycle,Khong nhan dien duoc
Car,Khong nhan dien duoc
Car,Khong nhan dien duoc
Car,Khong nhan dien duoc
Car,Khong nhan dien duoc
Car,Khong nhan dien duoc
Car,Khong nhan dien duoc
Car,Khong nhan dien duoc
Car,E7TUK
Car,Khong nhan dien duoc
Car,Khong nhan dien duoc
Car,Khong nhan dien duoc
Car,Khong nhan dien duoc
Car,Khong nhan dien duoc
Car,Khong nhan dien duoc
Car,Khong nhan dien duoc
Car,Khong nhan dien duoc
Car,Khong nhan dien duoc
Car,Khong nhan dien duoc
Car,Khong nhan dien duoc
Car,Khong nhan dien duoc
Car,Khong nhan dien duoc
Car,Khong nhan dien duoc
Car,Khong nhan dien duoc
Car,Khong nhan dien duoc
Car,Khong nhan dien duoc
Car,Khong nhan dien duoc
Car,Khong nhan dien duoc
Car,Khong nhan dien duoc
Car,Khong nhan dien duoc
Car,Khong nhan dien duoc
Car,Khong nhan dien duoc
Car,Khong nhan dien duoc
Car,Khong nhan dien duoc
Car,Khong nhan dien duoc
Car,Khong nhan dien duoc
Car,Khong nhan dien duoc
Car,Khong nhan dien duoc
Car,Khong nhan dien duoc
Car,Khong nhan dien duoc
Car,Khong nhan dien duoc
Car,Khong nhan dien duoc
Car,Khong nhan dien duoc
Car,Khong nhan dien duoc
Car,Khong nhan dien duoc
Car,Khong nhan dien duoc
Car,Khong nhan dien duoc
Car,Khong nhan dien duoc
Car,Khong nhan dien duoc
Car,Khong nhan dien duoc
Car,Khong nhan dien duoc
Car,Khong nhan dien duoc
Car,Khong nhan dien duoc
Car,Khong nhan dien duoc
Car,Khong nhan dien duoc
Car,Khong nhan dien duoc
Car,Khong nhan dien duoc
Car,Khong nhan dien duoc
Motorcycle,Khong nhan dien duoc
Car,Khong nhan dien duoc
Motorcycle,Khong nhan dien duoc
Motorcycle,Khong nhan dien duoc
Car,Khong nhan dien duoc
Car,Khong nhan dien duoc
Car,Khong nhan dien duoc
Motorcycle,Khong nhan dien duoc
Car,Khong nhan dien duoc
Motorcycle,Khong nhan dien duoc
Car,Khong nhan dien duoc
Motorcycle,Khong nhan dien duoc
Car,Khong nhan dien duoc
Car,Khong nhan dien duoc
Car,Khong nhan dien duoc
Car,Khong nhan dien duoc
Car,Khong nhan dien duoc
Car,Khong nhan dien duoc
Car,Khong nhan dien duoc
Car,Khong nhan dien duoc
Car,Khong nhan dien duoc
Car,Khong nhan dien duoc
Car,Khong nhan dien duoc
Car,Khong nhan dien duoc
Car,Khong nhan dien duoc
Car,Khong nhan dien duoc
Car,Khong nhan dien duoc
Car,Khong nhan dien duoc
Car,Khong nhan dien duoc
Car,Khong nhan dien duoc
Car,Khong nhan dien duoc
Car,Khong nhan dien duoc
Car,Khong nhan dien duoc
Motorcycle,Khong nhan dien duoc
Car,Khong nhan dien duoc
Car,Khong nhan dien duoc
Car,Khong nhan dien duoc
Motorcycle,Khong nhan dien duoc
Motorcycle,Khong nhan dien duoc
Motorcycle,Khong nhan dien duoc
Motorcycle,Khong nhan dien duoc
Motorcycle,Khong nhan dien duoc
Motorcycle,Khong nhan dien duoc
Motorcycle,Khong nhan dien duoc
Motorcycle,Khong nhan dien duoc
Motorcycle,Khong nhan dien duoc
Motorcycle,Khong nhan dien duoc
Motorcycle,Khong nhan dien duoc
Motorcycle,Khong nhan dien duoc
Motorcycle,L041XT
Motorcycle,Khong nhan dien duoc
Motorcycle,Khong nhan dien duoc
Motorcycle,Khong nhan dien duoc
Motorcycle,Khong nhan dien duoc
Motorcycle,Khong nhan dien duoc
Motorcycle,Khong nhan dien duoc
Motorcycle,Khong nhan dien duoc
Motorcycle,Khong nhan dien duoc
Motorcycle,Khong nhan dien duoc
Motorcycle,Khong nhan dien duoc
Motorcycle,Khong nhan dien duoc
Motorcycle,Khong nhan dien duoc
Motorcycle,Khong nhan dien duoc
Motorcycle,Khong nhan dien duoc
Motorcycle,Khong nhan dien duoc
Motorcycle,Khong nhan dien duoc
Motorcycle,Khong nhan dien duoc
Motorcycle,Khong nhan dien duoc
Car,Khong nhan dien duoc
Car,Khong nhan dien duoc
Car,Khong nhan dien duoc
Car,Khong nhan dien duoc
Car,Khong nhan dien duoc
Car,Khong nhan dien duoc
Car,Khong nhan dien duoc
Car,Khong nhan dien duoc
Car,Khong nhan dien duoc
Car,Khong nhan dien duoc
Car,Khong nhan dien duoc
Car,Khong nhan dien duoc
Car,Khong nhan dien duoc
Car,Khong nhan dien duoc
Car,Khong nhan dien duoc
Car,Khong nhan dien duoc
Car,Khong nhan dien duoc
Car,Khong nhan dien duoc
Car,Khong nhan dien duoc
Motorcycle,Khong nhan dien duoc
Motorcycle,Khong nhan dien duoc
Motorcycle,Khong nhan dien duoc
Motorcycle,Khong nhan dien duoc
Motorcycle,Khong nhan dien duoc
Motorcycle,Khong nhan dien duoc
Motorcycle,Khong nhan dien duoc
Motorcycle,Khong nhan dien duoc
Motorcycle,Khong nhan dien duoc
Motorcycle,Khong nhan dien duoc
Motorcycle,Khong nhan dien duoc
Motorcycle,Khong nhan dien duoc
Motorcycle,Khong nhan dien duoc
Motorcycle,Khong nhan dien duoc
Motorcycle,Khong nhan dien duoc
Motorcycle,Khong nhan dien duoc
Motorcycle,Khong nhan dien duoc
Motorcycle,Khong nhan dien duoc
Motorcycle,Khong nhan dien duoc
Motorcycle,Khong nhan dien duoc
Motorcycle,Khong nhan dien duoc
Motorcycle,Khong nhan dien duoc
Motorcycle,Khong nhan dien duoc
Motorcycle,Khong nhan dien duoc
Motorcycle,Khong nhan dien duoc
Motorcycle,Khong nhan dien duoc
Motorcycle,Khong nhan dien duoc
Truck,Khong nhan dien duoc
Truck,Khong nhan dien duoc
Truck,Khong nhan dien duoc
Truck,Khong nhan dien duoc
Bus,Khong nhan dien duoc
Truck,Khong nhan dien duoc
Bus,Khong nhan dien duoc
Truck,Khong nhan dien duoc
Bus,Khong nhan dien duoc
Truck,Khong nhan dien duoc
Truck,Khong nhan dien duoc
Bus,Khong nhan dien duoc
Truck,Khong nhan dien duoc
Truck,Khong nhan dien duoc
Truck,Khong nhan dien duoc
Truck,Khong nhan dien duoc
Truck,Khong nhan dien duoc
Bus,Khong nhan dien duoc
Truck,Khong nhan dien duoc
Truck,Khong nhan dien duoc
Truck,Khong nhan dien duoc
Truck,Khong nhan dien duoc
Truck,Khong nhan dien duoc
Truck,Khong nhan dien duoc
Truck,Khong nhan dien duoc
Truck,Khong nhan dien duoc
Truck,Khong nhan dien duoc
Truck,Khong nhan dien duoc
Truck,Khong nhan dien duoc
Truck,Khong nhan dien duoc
Truck,Khong nhan dien duoc
Truck,Khong nhan dien duoc
Truck,1741T
Truck,Khong nhan dien duoc
Bus,Khong nhan dien duoc
Truck,Khong nhan dien duoc
Truck,Khong nhan dien duoc
Bus,Khong nhan dien duoc
Truck,Khong nhan dien duoc
Truck,Khong nhan dien duoc
Bus,Khong nhan dien duoc
Bus,Khong nhan dien duoc
Truck,Khong nhan dien duoc
Bus,Khong nhan dien duoc
Truck,Khong nhan dien duoc
Truck,Khong nhan dien duoc
Bus,Khong nhan dien duoc
Truck,Khong nhan dien duoc
Bus,Khong nhan dien duoc
Truck,Khong nhan dien duoc
Bus,Khong nhan dien duoc
Truck,Khong nhan dien duoc
Bus,Khong nhan dien duoc
Bus,Khong nhan dien duoc
Truck,Khong nhan dien duoc
Bus,Khong nhan dien duoc
Truck,Khong nhan dien duoc
Bus,Khong nhan dien duoc
Truck,Khong nhan dien duoc
Bus,Khong nhan dien duoc
Truck,Khong nhan dien duoc
Bus,Khong nhan dien duoc
Truck,Khong nhan dien duoc
Bus,Khong nhan dien duoc
Truck,Khong nhan dien duoc
Bus,Khong nhan dien duoc
Truck,Khong nhan dien duoc
Bus,Khong nhan dien duoc
Truck,Khong nhan dien duoc
Bus,Khong nhan dien duoc
Truck,Khong nhan dien duoc
Bus,Khong nhan dien duoc
Truck,Khong nhan dien duoc
Truck,Khong nhan dien duoc
Bus,Khong nhan dien duoc
Bus,Khong nhan dien duoc
Truck,Khong nhan dien duoc
Bus,Khong nhan dien duoc
Bus,Khong nhan dien duoc
Bus,Khong nhan dien duoc
Truck,Khong nhan dien duoc
Bus,Khong nhan dien duoc
Truck,Khong nhan dien duoc
Bus,Khong nhan dien duoc
Bus,Khong nhan dien duoc
Bus,Khong nhan dien duoc
Car,Khong nhan dien duoc
Bus,Khong nhan dien duoc
Motorcycle,Khong nhan dien duoc
Bus,Khong nhan dien duoc
Motorcycle,Khong nhan dien duoc
Motorcycle,Khong nhan dien duoc
Truck,Khong nhan dien duoc
Bus,Khong nhan dien duoc
Motorcycle,Khong nhan dien duoc
Motorcycle,Khong nhan dien duoc
Truck,Khong nhan dien duoc
Motorcycle,Khong nhan dien duoc
Motorcycle,Khong nhan dien duoc
Motorcycle,Khong nhan dien duoc
Motorcycle,Khong nhan dien duoc
Motorcycle,Khong nhan dien duoc
Motorcycle,Khong nhan dien duoc
Motorcycle,Khong nhan dien duoc
Motorcycle,Khong nhan dien duoc
Motorcycle,Khong nhan dien duoc
Motorcycle,Khong nhan dien duoc
Motorcycle,Khong nhan dien duoc
Motorcycle,Khong nhan dien duoc
Motorcycle,Khong nhan dien duoc
Motorcycle,Khong nhan dien duoc
Motorcycle,Khong nhan dien duoc
Motorcycle,Khong nhan dien duoc
Motorcycle,Khong nhan dien duoc
Motorcycle,Khong nhan dien duoc
Motorcycle,Khong nhan dien duoc
Motorcycle,Khong nhan dien duoc
Motorcycle,Khong nhan dien duoc
Motorcycle,Khong nhan dien duoc
Motorcycle,Khong nhan dien duoc
Motorcycle,Khong nhan dien duoc
Motorcycle,Khong nhan dien duoc
Motorcycle,Khong nhan dien duoc
Motorcycle,Khong nhan dien duoc
Motorcycle,Khong nhan dien duoc
Motorcycle,Khong nhan dien duoc
Motorcycle,Khong nhan dien duoc
Motorcycle,Khong nhan dien duoc
Motorcycle,Khong nhan dien duoc
Motorcycle,Khong nhan dien duoc
Motorcycle,Khong nhan dien duoc
Motorcycle,Khong nhan dien duoc
Motorcycle,Khong nhan dien duoc
Motorcycle,Khong nhan dien duoc
Motorcycle,Khong nhan dien duoc
Motorcycle,Khong nhan dien duoc
Motorcycle,Khong nhan dien duoc
Motorcycle,Khong nhan dien duoc
Motorcycle,Khong nhan dien duoc
Motorcycle,Khong nhan dien duoc
Motorcycle,Khong nhan dien duoc
Motorcycle,Khong nhan dien duoc
Motorcycle,Khong nhan dien duoc
Motorcycle,Khong nhan dien duoc
Motorcycle,Khong nhan dien duoc
Motorcycle,Khong nhan dien duoc
Motorcycle,Khong nhan dien duoc
Motorcycle,Khong nhan dien duoc
Motorcycle,Khong nhan dien duoc
Motorcycle,Khong nhan dien duoc
Motorcycle,Khong nhan dien duoc
Motorcycle,Khong nhan dien duoc
Motorcycle,Khong nhan dien duoc
Motorcycle,Khong nhan dien duoc
Motorcycle,Khong nhan dien duoc
Car,Khong nhan dien duoc
Motorcycle,Khong nhan dien duoc
Car,Khong nhan dien duoc
Motorcycle,Khong nhan dien duoc
Car,Khong nhan dien duoc
Motorcycle,Khong nhan dien duoc
Car,Khong nhan dien duoc
Motorcycle,Khong nhan dien duoc
Car,Khong nhan dien duoc
Motorcycle,Khong nhan dien duoc
Car,Khong nhan dien duoc
Motorcycle,Khong nhan dien duoc
Car,Khong nhan dien duoc
Motorcycle,Khong nhan dien duoc
Car,Khong nhan dien duoc
Motorcycle,Khong nhan dien duoc
Car,Khong nhan dien duoc
Motorcycle,Khong nhan dien duoc
Car,Khong nhan dien duoc
Car,Khong nhan dien duoc
Car,Khong nhan dien duoc
Car,Khong nhan dien duoc
Car,Khong nhan dien duoc
Car,Khong nhan dien duoc
Car,Khong nhan dien duoc
Car,Khong nhan dien duoc
Car,Khong nhan dien duoc
Car,Khong nhan dien duoc
Car,Khong nhan dien duoc
Car,Khong nhan dien duoc
Car,Khong nhan dien duoc
Car,Khong nhan dien duoc
Car,Khong nhan dien duoc
Car,Khong nhan dien duoc
Car,Khong nhan dien duoc
Car,Khong nhan dien duoc
Car,Khong nhan dien duoc
Car,Khong nhan dien duoc
Motorcycle,Khong nhan dien duoc
Car,Khong nhan dien duoc
Motorcycle,Khong nhan dien duoc
Car,Khong nhan dien duoc
Car,Khong nhan dien duoc
Motorcycle,Khong nhan dien duoc
Car,Khong nhan dien duoc
Motorcycle,Khong nhan dien duoc
Motorcycle,Khong nhan dien duoc
Car,Khong nhan dien duoc
Motorcycle,Khong nhan dien duoc
Motorcycle,Khong nhan dien duoc
Motorcycle,Khong nhan dien duoc
Motorcycle,Khong nhan dien duoc
Motorcycle,Khong nhan dien duoc
Motorcycle,Khong nhan dien duoc
Motorcycle,Khong nhan dien duoc
